{"packages/cupertino_icons/assets/CupertinoIcons.ttf":["packages/cupertino_icons/assets/CupertinoIcons.ttf"],"assets/images/committee.png":["assets/images/committee.png"],"assets/images/competition.png":["assets/images/competition.png"],"assets/images/competition2.png":["assets/images/competition2.png"],"assets/images/competition3.png":["assets/images/competition3.png"],"assets/images/compettition3.png":["assets/images/compettition3.png"],"assets/images/firebase.png":["assets/images/firebase.png"],"assets/images/flutter.png":["assets/images/flutter.png"],"assets/images/html.png":["assets/images/html.png"],"assets/images/introduction.png":["assets/images/introduction.png"],"assets/images/join.png":["assets/images/join.png"],"assets/images/profile.png":["assets/images/profile.png"],"assets/images/projects.png":["assets/images/projects.png"],"assets/images/projects2.png":["assets/images/projects2.png"],"assets/images/projects3.png":["assets/images/projects3.png"],"assets/images/reactnative.png":["assets/images/reactnative.png"],"assets/images/upcoming.png":["assets/images/upcoming.png"],"assets/images/utpadc-logo-black.png":["assets/images/utpadc-logo-black.png"],"assets/images/utpadc-logo-white.png":["assets/images/utpadc-logo-white.png"],"assets/images/web.png":["assets/images/web.png"],"assets/images/workshop.png":["assets/images/workshop.png"],"assets/images/workshop2.png":["assets/images/workshop2.png"],"assets/images/workshop3.png":["assets/images/workshop3.png"]}